time,emitter_id,emitter_type,band,active,prev_active
1,E1,periodic,1,0,0.0
1,E2,burst,2,0,0.0
1,E3,hopper,5,1,0.0
2,E1,periodic,1,0,1.0
2,E2,burst,2,0,0.0
2,E3,hopper,8,1,0.0
3,E1,periodic,1,0,1.0
3,E2,burst,2,0,0.0
3,E3,hopper,3,1,0.0
4,E1,periodic,1,0,1.0
4,E2,burst,2,0,0.0
4,E3,hopper,5,1,0.0
5,E1,periodic,1,1,1.0
5,E2,burst,2,0,1.0
5,E3,hopper,8,1,0.0
6,E1,periodic,1,0,1.0
6,E2,burst,2,0,0.0
6,E3,hopper,3,1,0.0
7,E1,periodic,1,0,1.0
7,E2,burst,2,0,0.0
7,E3,hopper,5,1,0.0
8,E1,periodic,1,0,1.0
8,E2,burst,2,0,0.0
8,E3,hopper,8,1,0.0
9,E1,periodic,1,0,1.0
9,E2,burst,2,0,0.0
9,E3,hopper,3,1,0.0
10,E1,periodic,1,1,1.0
10,E2,burst,2,0,1.0
10,E3,hopper,5,1,0.0
11,E1,periodic,1,0,1.0
11,E2,burst,2,0,0.0
11,E3,hopper,8,1,0.0
12,E1,periodic,1,0,1.0
12,E2,burst,2,0,0.0
12,E3,hopper,3,1,0.0
13,E1,periodic,1,0,1.0
13,E2,burst,2,0,0.0
13,E3,hopper,5,1,0.0
14,E1,periodic,1,0,1.0
14,E2,burst,2,0,0.0
14,E3,hopper,8,1,0.0
15,E1,periodic,1,1,1.0
15,E2,burst,2,0,1.0
15,E3,hopper,3,1,0.0
16,E1,periodic,1,0,1.0
16,E2,burst,2,0,0.0
16,E3,hopper,5,1,0.0
17,E1,periodic,1,0,1.0
17,E2,burst,2,0,0.0
17,E3,hopper,8,1,0.0
18,E1,periodic,1,0,1.0
18,E2,burst,2,0,0.0
18,E3,hopper,3,1,0.0
19,E1,periodic,1,0,1.0
19,E2,burst,2,0,0.0
19,E3,hopper,5,1,0.0
20,E1,periodic,1,1,1.0
20,E2,burst,2,1,1.0
20,E3,hopper,8,1,1.0
21,E1,periodic,1,0,1.0
21,E2,burst,2,1,0.0
21,E3,hopper,3,1,1.0
22,E1,periodic,1,0,1.0
22,E2,burst,2,1,0.0
22,E3,hopper,5,1,1.0
23,E1,periodic,1,0,1.0
23,E2,burst,2,1,0.0
23,E3,hopper,8,1,1.0
24,E1,periodic,1,0,1.0
24,E2,burst,2,1,0.0
24,E3,hopper,3,1,1.0
25,E1,periodic,1,1,1.0
25,E2,burst,2,1,1.0
25,E3,hopper,5,1,1.0
26,E1,periodic,1,0,1.0
26,E2,burst,2,1,0.0
26,E3,hopper,8,1,1.0
27,E1,periodic,1,0,1.0
27,E2,burst,2,1,0.0
27,E3,hopper,3,1,1.0
28,E1,periodic,1,0,1.0
28,E2,burst,2,1,0.0
28,E3,hopper,5,1,1.0
29,E1,periodic,1,0,1.0
29,E2,burst,2,1,0.0
29,E3,hopper,8,1,1.0
30,E1,periodic,1,1,1.0
30,E2,burst,2,1,1.0
30,E3,hopper,3,1,1.0
31,E1,periodic,1,0,1.0
31,E2,burst,2,0,0.0
31,E3,hopper,5,1,0.0
32,E1,periodic,1,0,1.0
32,E2,burst,2,0,0.0
32,E3,hopper,8,1,0.0
33,E1,periodic,1,0,1.0
33,E2,burst,2,0,0.0
33,E3,hopper,3,1,0.0
34,E1,periodic,1,0,1.0
34,E2,burst,2,0,0.0
34,E3,hopper,5,1,0.0
35,E1,periodic,1,1,1.0
35,E2,burst,2,0,1.0
35,E3,hopper,8,1,0.0
36,E1,periodic,1,0,1.0
36,E2,burst,2,0,0.0
36,E3,hopper,3,1,0.0
37,E1,periodic,1,0,1.0
37,E2,burst,2,0,0.0
37,E3,hopper,5,1,0.0
38,E1,periodic,1,0,1.0
38,E2,burst,2,0,0.0
38,E3,hopper,8,1,0.0
39,E1,periodic,1,0,1.0
39,E2,burst,2,0,0.0
39,E3,hopper,3,1,0.0
40,E1,periodic,1,1,1.0
40,E2,burst,2,0,1.0
40,E3,hopper,5,1,0.0
41,E1,periodic,1,0,1.0
41,E2,burst,2,0,0.0
41,E3,hopper,8,1,0.0
42,E1,periodic,1,0,1.0
42,E2,burst,2,0,0.0
42,E3,hopper,3,1,0.0
43,E1,periodic,1,0,1.0
43,E2,burst,2,0,0.0
43,E3,hopper,5,1,0.0
44,E1,periodic,1,0,1.0
44,E2,burst,2,0,0.0
44,E3,hopper,8,1,0.0
45,E1,periodic,1,1,1.0
45,E2,burst,2,0,1.0
45,E3,hopper,3,1,0.0
46,E1,periodic,1,0,1.0
46,E2,burst,2,0,0.0
46,E3,hopper,5,1,0.0
47,E1,periodic,1,0,1.0
47,E2,burst,2,0,0.0
47,E3,hopper,8,1,0.0
48,E1,periodic,1,0,1.0
48,E2,burst,2,0,0.0
48,E3,hopper,3,1,0.0
49,E1,periodic,1,0,1.0
49,E2,burst,2,0,0.0
49,E3,hopper,5,1,0.0
50,E1,periodic,1,1,1.0
50,E2,burst,2,0,1.0
50,E3,hopper,8,1,0.0
51,E1,periodic,1,0,1.0
51,E2,burst,2,0,0.0
51,E3,hopper,3,1,0.0
52,E1,periodic,1,0,1.0
52,E2,burst,2,0,0.0
52,E3,hopper,5,1,0.0
53,E1,periodic,1,0,1.0
53,E2,burst,2,0,0.0
53,E3,hopper,8,1,0.0
54,E1,periodic,1,0,1.0
54,E2,burst,2,0,0.0
54,E3,hopper,3,1,0.0
55,E1,periodic,1,1,1.0
55,E2,burst,2,0,1.0
55,E3,hopper,5,1,0.0
56,E1,periodic,1,0,1.0
56,E2,burst,2,0,0.0
56,E3,hopper,8,1,0.0
57,E1,periodic,1,0,1.0
57,E2,burst,2,0,0.0
57,E3,hopper,3,1,0.0
58,E1,periodic,1,0,1.0
58,E2,burst,2,0,0.0
58,E3,hopper,5,1,0.0
59,E1,periodic,1,0,1.0
59,E2,burst,2,0,0.0
59,E3,hopper,8,1,0.0
60,E1,periodic,1,1,1.0
60,E2,burst,2,1,1.0
60,E3,hopper,3,1,1.0
61,E1,periodic,1,0,1.0
61,E2,burst,2,1,0.0
61,E3,hopper,5,1,1.0
62,E1,periodic,1,0,1.0
62,E2,burst,2,1,0.0
62,E3,hopper,8,1,1.0
63,E1,periodic,1,0,1.0
63,E2,burst,2,1,0.0
63,E3,hopper,3,1,1.0
64,E1,periodic,1,0,1.0
64,E2,burst,2,1,0.0
64,E3,hopper,5,1,1.0
65,E1,periodic,1,1,1.0
65,E2,burst,2,1,1.0
65,E3,hopper,8,1,1.0
66,E1,periodic,1,0,1.0
66,E2,burst,2,1,0.0
66,E3,hopper,3,1,1.0
67,E1,periodic,1,0,1.0
67,E2,burst,2,1,0.0
67,E3,hopper,5,1,1.0
68,E1,periodic,1,0,1.0
68,E2,burst,2,1,0.0
68,E3,hopper,8,1,1.0
69,E1,periodic,1,0,1.0
69,E2,burst,2,1,0.0
69,E3,hopper,3,1,1.0
70,E1,periodic,1,1,1.0
70,E2,burst,2,1,1.0
70,E3,hopper,5,1,1.0
71,E1,periodic,1,0,1.0
71,E2,burst,2,0,0.0
71,E3,hopper,8,1,0.0
72,E1,periodic,1,0,1.0
72,E2,burst,2,0,0.0
72,E3,hopper,3,1,0.0
73,E1,periodic,1,0,1.0
73,E2,burst,2,0,0.0
73,E3,hopper,5,1,0.0
74,E1,periodic,1,0,1.0
74,E2,burst,2,0,0.0
74,E3,hopper,8,1,0.0
75,E1,periodic,1,1,1.0
75,E2,burst,2,0,1.0
75,E3,hopper,3,1,0.0
76,E1,periodic,1,0,1.0
76,E2,burst,2,0,0.0
76,E3,hopper,5,1,0.0
77,E1,periodic,1,0,1.0
77,E2,burst,2,0,0.0
77,E3,hopper,8,1,0.0
78,E1,periodic,1,0,1.0
78,E2,burst,2,0,0.0
78,E3,hopper,3,1,0.0
79,E1,periodic,1,0,1.0
79,E2,burst,2,0,0.0
79,E3,hopper,5,1,0.0
80,E1,periodic,1,1,1.0
80,E2,burst,2,0,1.0
80,E3,hopper,8,1,0.0
81,E1,periodic,1,0,1.0
81,E2,burst,2,0,0.0
81,E3,hopper,3,1,0.0
82,E1,periodic,1,0,1.0
82,E2,burst,2,0,0.0
82,E3,hopper,5,1,0.0
83,E1,periodic,1,0,1.0
83,E2,burst,2,0,0.0
83,E3,hopper,8,1,0.0
84,E1,periodic,1,0,1.0
84,E2,burst,2,0,0.0
84,E3,hopper,3,1,0.0
85,E1,periodic,1,1,1.0
85,E2,burst,2,0,1.0
85,E3,hopper,5,1,0.0
86,E1,periodic,1,0,1.0
86,E2,burst,2,0,0.0
86,E3,hopper,8,1,0.0
87,E1,periodic,1,0,1.0
87,E2,burst,2,0,0.0
87,E3,hopper,3,1,0.0
88,E1,periodic,1,0,1.0
88,E2,burst,2,0,0.0
88,E3,hopper,5,1,0.0
89,E1,periodic,1,0,1.0
89,E2,burst,2,0,0.0
89,E3,hopper,8,1,0.0
90,E1,periodic,1,1,1.0
90,E2,burst,2,0,1.0
90,E3,hopper,3,1,0.0
91,E1,periodic,1,0,1.0
91,E2,burst,2,0,0.0
91,E3,hopper,5,1,0.0
92,E1,periodic,1,0,1.0
92,E2,burst,2,0,0.0
92,E3,hopper,8,1,0.0
93,E1,periodic,1,0,1.0
93,E2,burst,2,0,0.0
93,E3,hopper,3,1,0.0
94,E1,periodic,1,0,1.0
94,E2,burst,2,0,0.0
94,E3,hopper,5,1,0.0
95,E1,periodic,1,1,1.0
95,E2,burst,2,0,1.0
95,E3,hopper,8,1,0.0
96,E1,periodic,1,0,1.0
96,E2,burst,2,0,0.0
96,E3,hopper,3,1,0.0
97,E1,periodic,1,0,1.0
97,E2,burst,2,0,0.0
97,E3,hopper,5,1,0.0
98,E1,periodic,1,0,1.0
98,E2,burst,2,0,0.0
98,E3,hopper,8,1,0.0
99,E1,periodic,1,0,1.0
99,E2,burst,2,0,0.0
99,E3,hopper,3,1,0.0
100,E1,periodic,1,1,1.0
100,E2,burst,2,0,1.0
100,E3,hopper,5,1,0.0
