time,band,active
1,1,0
1,2,1
1,3,1
1,4,0
1,5,1
1,6,0
1,7,0
1,8,0
1,9,0
1,10,0
2,1,1
2,2,0
2,3,1
2,4,0
2,5,0
2,6,0
2,7,0
2,8,1
2,9,1
2,10,0
3,1,0
3,2,1
3,3,0
3,4,1
3,5,1
3,6,0
3,7,1
3,8,1
3,9,1
3,10,0
4,1,0
4,2,1
4,3,0
4,4,0
4,5,0
4,6,0
4,7,1
4,8,1
4,9,0
4,10,1
5,1,1
5,2,1
5,3,1
5,4,1
5,5,1
5,6,1
5,7,1
5,8,0
5,9,1
5,10,0
6,1,1
6,2,1
6,3,0
6,4,0
6,5,1
6,6,1
6,7,0
6,8,0
6,9,0
6,10,0
7,1,1
7,2,0
7,3,0
7,4,1
7,5,0
7,6,0
7,7,0
7,8,0
7,9,0
7,10,1
8,1,1
8,2,1
8,3,0
8,4,1
8,5,0
8,6,0
8,7,1
8,8,0
8,9,1
8,10,1
9,1,0
9,2,0
9,3,1
9,4,0
9,5,0
9,6,1
9,7,1
9,8,0
9,9,1
9,10,0
10,1,0
10,2,1
10,3,0
10,4,0
10,5,1
10,6,1
10,7,1
10,8,0
10,9,0
10,10,1
11,1,1
11,2,1
11,3,0
11,4,0
11,5,0
11,6,1
11,7,0
11,8,1
11,9,0
11,10,1
12,1,1
12,2,1
12,3,1
12,4,1
12,5,1
12,6,0
12,7,1
12,8,0
12,9,0
12,10,0
13,1,1
13,2,0
13,3,0
13,4,1
13,5,1
13,6,1
13,7,0
13,8,1
13,9,0
13,10,0
14,1,1
14,2,1
14,3,1
14,4,1
14,5,1
14,6,0
14,7,0
14,8,1
14,9,1
14,10,0
15,1,1
15,2,1
15,3,0
15,4,0
15,5,1
15,6,1
15,7,0
15,8,0
15,9,1
15,10,0
16,1,1
16,2,0
16,3,0
16,4,1
16,5,1
16,6,1
16,7,0
16,8,0
16,9,1
16,10,1
17,1,0
17,2,1
17,3,1
17,4,0
17,5,0
17,6,1
17,7,0
17,8,1
17,9,0
17,10,0
18,1,1
18,2,1
18,3,1
18,4,1
18,5,0
18,6,1
18,7,1
18,8,1
18,9,0
18,10,1
19,1,0
19,2,1
19,3,0
19,4,1
19,5,1
19,6,1
19,7,0
19,8,1
19,9,0
19,10,0
20,1,1
20,2,0
20,3,0
20,4,0
20,5,1
20,6,1
20,7,1
20,8,0
20,9,1
20,10,1
21,1,0
21,2,0
21,3,1
21,4,0
21,5,0
21,6,1
21,7,1
21,8,1
21,9,1
21,10,0
22,1,0
22,2,1
22,3,0
22,4,0
22,5,0
22,6,0
22,7,1
22,8,1
22,9,0
22,10,1
23,1,0
23,2,0
23,3,0
23,4,1
23,5,0
23,6,0
23,7,1
23,8,1
23,9,1
23,10,1
24,1,0
24,2,0
24,3,0
24,4,1
24,5,1
24,6,0
24,7,0
24,8,0
24,9,0
24,10,0
25,1,0
25,2,0
25,3,1
25,4,1
25,5,1
25,6,0
25,7,0
25,8,1
25,9,1
25,10,0
26,1,1
26,2,0
26,3,1
26,4,1
26,5,0
26,6,1
26,7,1
26,8,0
26,9,0
26,10,0
27,1,1
27,2,1
27,3,0
27,4,1
27,5,0
27,6,1
27,7,1
27,8,0
27,9,0
27,10,0
28,1,1
28,2,0
28,3,1
28,4,0
28,5,0
28,6,0
28,7,1
28,8,1
28,9,0
28,10,0
29,1,1
29,2,0
29,3,0
29,4,0
29,5,0
29,6,0
29,7,1
29,8,1
29,9,1
29,10,1
30,1,0
30,2,1
30,3,0
30,4,1
30,5,1
30,6,1
30,7,1
30,8,0
30,9,0
30,10,0
31,1,0
31,2,0
31,3,1
31,4,0
31,5,1
31,6,1
31,7,1
31,8,1
31,9,0
31,10,1
32,1,1
32,2,1
32,3,1
32,4,1
32,5,1
32,6,1
32,7,0
32,8,0
32,9,1
32,10,1
33,1,0
33,2,1
33,3,1
33,4,1
33,5,1
33,6,1
33,7,0
33,8,1
33,9,1
33,10,0
34,1,1
34,2,1
34,3,0
34,4,0
34,5,0
34,6,1
34,7,1
34,8,1
34,9,0
34,10,1
35,1,1
35,2,0
35,3,0
35,4,0
35,5,0
35,6,1
35,7,0
35,8,1
35,9,0
35,10,1
36,1,1
36,2,0
36,3,1
36,4,1
36,5,0
36,6,0
36,7,0
36,8,1
36,9,1
36,10,1
37,1,0
37,2,0
37,3,1
37,4,1
37,5,1
37,6,1
37,7,0
37,8,1
37,9,1
37,10,0
38,1,1
38,2,0
38,3,0
38,4,1
38,5,1
38,6,1
38,7,1
38,8,1
38,9,0
38,10,1
39,1,0
39,2,1
39,3,0
39,4,1
39,5,0
39,6,1
39,7,0
39,8,0
39,9,1
39,10,1
40,1,0
40,2,0
40,3,1
40,4,0
40,5,1
40,6,1
40,7,0
40,8,0
40,9,0
40,10,0
41,1,1
41,2,0
41,3,1
41,4,0
41,5,1
41,6,0
41,7,0
41,8,1
41,9,0
41,10,0
42,1,1
42,2,0
42,3,1
42,4,0
42,5,1
42,6,0
42,7,0
42,8,1
42,9,0
42,10,0
43,1,0
43,2,0
43,3,0
43,4,1
43,5,0
43,6,0
43,7,1
43,8,1
43,9,0
43,10,1
44,1,1
44,2,0
44,3,0
44,4,1
44,5,1
44,6,1
44,7,0
44,8,0
44,9,0
44,10,1
45,1,1
45,2,0
45,3,0
45,4,1
45,5,1
45,6,1
45,7,1
45,8,1
45,9,0
45,10,1
46,1,1
46,2,1
46,3,1
46,4,0
46,5,1
46,6,0
46,7,0
46,8,1
46,9,0
46,10,1
47,1,1
47,2,0
47,3,1
47,4,0
47,5,1
47,6,1
47,7,1
47,8,0
47,9,0
47,10,1
48,1,1
48,2,1
48,3,0
48,4,0
48,5,1
48,6,1
48,7,1
48,8,1
48,9,0
48,10,1
49,1,1
49,2,0
49,3,0
49,4,0
49,5,0
49,6,1
49,7,1
49,8,0
49,9,1
49,10,0
50,1,0
50,2,1
50,3,0
50,4,1
50,5,0
50,6,1
50,7,0
50,8,0
50,9,1
50,10,0
51,1,0
51,2,1
51,3,0
51,4,1
51,5,0
51,6,0
51,7,1
51,8,1
51,9,0
51,10,0
52,1,1
52,2,1
52,3,0
52,4,0
52,5,0
52,6,1
52,7,1
52,8,1
52,9,0
52,10,1
53,1,0
53,2,1
53,3,0
53,4,0
53,5,0
53,6,0
53,7,1
53,8,1
53,9,1
53,10,1
54,1,1
54,2,1
54,3,0
54,4,0
54,5,0
54,6,1
54,7,0
54,8,1
54,9,1
54,10,0
55,1,0
55,2,0
55,3,0
55,4,0
55,5,1
55,6,1
55,7,1
55,8,0
55,9,0
55,10,0
56,1,1
56,2,1
56,3,0
56,4,1
56,5,1
56,6,1
56,7,0
56,8,0
56,9,1
56,10,1
57,1,0
57,2,0
57,3,0
57,4,1
57,5,0
57,6,1
57,7,1
57,8,0
57,9,0
57,10,1
58,1,1
58,2,0
58,3,1
58,4,0
58,5,1
58,6,1
58,7,1
58,8,1
58,9,1
58,10,1
59,1,1
59,2,1
59,3,0
59,4,1
59,5,1
59,6,1
59,7,1
59,8,1
59,9,1
59,10,1
60,1,1
60,2,1
60,3,0
60,4,0
60,5,0
60,6,1
60,7,1
60,8,1
60,9,1
60,10,0
61,1,1
61,2,0
61,3,1
61,4,1
61,5,0
61,6,1
61,7,0
61,8,1
61,9,1
61,10,1
62,1,1
62,2,0
62,3,0
62,4,0
62,5,1
62,6,0
62,7,1
62,8,1
62,9,0
62,10,1
63,1,0
63,2,1
63,3,0
63,4,1
63,5,1
63,6,0
63,7,1
63,8,0
63,9,0
63,10,0
64,1,0
64,2,1
64,3,1
64,4,0
64,5,1
64,6,0
64,7,0
64,8,0
64,9,0
64,10,0
65,1,1
65,2,1
65,3,1
65,4,1
65,5,0
65,6,1
65,7,1
65,8,1
65,9,0
65,10,0
66,1,1
66,2,0
66,3,1
66,4,0
66,5,0
66,6,0
66,7,1
66,8,0
66,9,1
66,10,1
67,1,0
67,2,1
67,3,0
67,4,0
67,5,0
67,6,0
67,7,0
67,8,0
67,9,0
67,10,1
68,1,1
68,2,1
68,3,1
68,4,0
68,5,0
68,6,0
68,7,1
68,8,1
68,9,1
68,10,1
69,1,1
69,2,1
69,3,0
69,4,1
69,5,0
69,6,0
69,7,0
69,8,1
69,9,1
69,10,1
70,1,0
70,2,1
70,3,1
70,4,0
70,5,1
70,6,0
70,7,0
70,8,1
70,9,0
70,10,0
71,1,0
71,2,1
71,3,0
71,4,0
71,5,1
71,6,1
71,7,0
71,8,1
71,9,1
71,10,1
72,1,0
72,2,1
72,3,1
72,4,0
72,5,0
72,6,0
72,7,0
72,8,1
72,9,0
72,10,1
73,1,1
73,2,1
73,3,0
73,4,0
73,5,1
73,6,1
73,7,1
73,8,1
73,9,0
73,10,1
74,1,1
74,2,1
74,3,1
74,4,1
74,5,1
74,6,1
74,7,0
74,8,1
74,9,0
74,10,0
75,1,1
75,2,1
75,3,1
75,4,1
75,5,0
75,6,1
75,7,1
75,8,0
75,9,0
75,10,1
76,1,1
76,2,0
76,3,1
76,4,1
76,5,1
76,6,0
76,7,0
76,8,1
76,9,1
76,10,1
77,1,1
77,2,0
77,3,0
77,4,1
77,5,1
77,6,1
77,7,0
77,8,1
77,9,0
77,10,0
78,1,0
78,2,1
78,3,1
78,4,1
78,5,0
78,6,1
78,7,0
78,8,0
78,9,0
78,10,1
79,1,1
79,2,0
79,3,1
79,4,1
79,5,1
79,6,0
79,7,1
79,8,0
79,9,1
79,10,0
80,1,1
80,2,1
80,3,0
80,4,0
80,5,1
80,6,1
80,7,0
80,8,0
80,9,0
80,10,0
81,1,1
81,2,0
81,3,1
81,4,0
81,5,0
81,6,0
81,7,0
81,8,0
81,9,0
81,10,0
82,1,1
82,2,0
82,3,1
82,4,1
82,5,0
82,6,1
82,7,1
82,8,0
82,9,0
82,10,1
83,1,0
83,2,1
83,3,1
83,4,1
83,5,1
83,6,1
83,7,0
83,8,0
83,9,1
83,10,0
84,1,1
84,2,1
84,3,0
84,4,0
84,5,1
84,6,0
84,7,1
84,8,1
84,9,1
84,10,1
85,1,0
85,2,1
85,3,1
85,4,0
85,5,1
85,6,0
85,7,1
85,8,0
85,9,1
85,10,0
86,1,1
86,2,1
86,3,1
86,4,1
86,5,0
86,6,0
86,7,1
86,8,1
86,9,0
86,10,1
87,1,0
87,2,1
87,3,0
87,4,1
87,5,1
87,6,1
87,7,1
87,8,0
87,9,1
87,10,0
88,1,1
88,2,1
88,3,1
88,4,0
88,5,1
88,6,0
88,7,1
88,8,0
88,9,1
88,10,0
89,1,0
89,2,0
89,3,0
89,4,1
89,5,1
89,6,1
89,7,1
89,8,0
89,9,1
89,10,0
90,1,0
90,2,0
90,3,0
90,4,0
90,5,1
90,6,1
90,7,0
90,8,1
90,9,0
90,10,1
91,1,1
91,2,0
91,3,1
91,4,0
91,5,1
91,6,0
91,7,0
91,8,1
91,9,0
91,10,1
92,1,1
92,2,1
92,3,0
92,4,1
92,5,0
92,6,1
92,7,0
92,8,0
92,9,1
92,10,1
93,1,1
93,2,1
93,3,0
93,4,1
93,5,1
93,6,0
93,7,0
93,8,1
93,9,1
93,10,0
94,1,0
94,2,1
94,3,1
94,4,1
94,5,0
94,6,0
94,7,1
94,8,0
94,9,1
94,10,0
95,1,1
95,2,1
95,3,0
95,4,0
95,5,1
95,6,0
95,7,0
95,8,1
95,9,1
95,10,0
96,1,1
96,2,1
96,3,1
96,4,0
96,5,1
96,6,0
96,7,1
96,8,0
96,9,0
96,10,1
97,1,0
97,2,1
97,3,0
97,4,1
97,5,0
97,6,0
97,7,1
97,8,1
97,9,0
97,10,1
98,1,1
98,2,0
98,3,0
98,4,1
98,5,0
98,6,0
98,7,1
98,8,1
98,9,1
98,10,0
99,1,1
99,2,1
99,3,0
99,4,0
99,5,1
99,6,1
99,7,1
99,8,1
99,9,0
99,10,1
100,1,1
100,2,1
100,3,0
100,4,0
100,5,1
100,6,0
100,7,1
100,8,0
100,9,0
100,10,1
